id,permalink,direction
1,https://www.reddit.com/r/AskReddit/comments/abc123/comment1,1
2,https://www.reddit.com/r/AskReddit/comments/abc123/comment2,-1
3,https://www.reddit.com/r/AskReddit/comments/abc123/comment3,1
4,https://www.reddit.com/r/AskReddit/comments/def456/comment4,-1
5,https://www.reddit.com/r/AskReddit/comments/def456/comment5,1
6,https://www.reddit.com/r/AskReddit/comments/def456/comment6,-1
7,https://www.reddit.com/r/AskReddit/comments/ghj789/comment7,1
8,https://www.reddit.com/r/AskReddit/comments/ghj789/comment8,-1
9,https://www.reddit.com/r/AskReddit/comments/ghj789/comment9,1
10,https://www.reddit.com/r/AskReddit/comments/klm012/comment10,-1
11,https://www.reddit.com/r/AskReddit/comments/klm012/comment11,1
12,https://www.reddit.com/r/AskReddit/comments/klm012/comment12,-1
13,https://www.reddit.com/r/AskReddit/comments/klm012/comment13,1
14,https://www.reddit.com/r/AskReddit/comments/klm012/comment14,-1
15,https://www.reddit.com/r/AskReddit/comments/klm012/comment15,1
